<?xml version="1.0"?>
<!--<!DOCTYPE metadata SYSTEM "http://www.esri.com/metadata/esriprof80.dtd">-->
<metadata xml:lang="en"><Esri><CreaDate>20130307</CreaDate><CreaTime>15560500</CreaTime><SyncOnce>FALSE</SyncOnce><SyncDate>20121220</SyncDate><SyncTime>15581200</SyncTime><ModDate>20121220</ModDate><ModTime>15581200</ModTime><DataProperties><lineage><Process Name="FeatureClassToFeatureClass_2" ToolSource="C:\Program Files\ArcGIS\ArcToolbox\Toolboxes\Conversion Tools.tbx\FeatureClassToFeatureClass" Date="20080219" Time="145719">FeatureClassToFeatureClass S:\_Maint_Proj\Data\cob-boundary\Backups\backup_12-26\nac_all.shp "Database Connections\SDE_Core as SDE_Loader.sde\SDE_Core.SDE_LOADER.history" nac_hist # "AREA AREA true false false 19 Double 3 18 ,First,#,S:\_Maint_Proj\Data\cob-boundary\Backups\backup_12-26\nac_all.shp,AREA,-1,-1;PERIMETER PERIMETER true false false 19 Double 3 18 ,First,#,S:\_Maint_Proj\Data\cob-boundary\Backups\backup_12-26\nac_all.shp,PERIMETER,-1,-1;NAC_ID NAC_ID true false false 9 Long 0 9 ,First,#,S:\_Maint_Proj\Data\cob-boundary\Backups\backup_12-26\nac_all.shp,NAC_ID,-1,-1;ACRES ACRES true false false 19 Double 3 18 ,First,#,S:\_Maint_Proj\Data\cob-boundary\Backups\backup_12-26\nac_all.shp,ACRES,-1,-1;NAME NAME true false false 50 Text 0 0 ,First,#,S:\_Maint_Proj\Data\cob-boundary\Backups\backup_12-26\nac_all.shp,NAME,-1,-1;NAME1 NAME1 true false false 25 Text 0 0 ,First,#,S:\_Maint_Proj\Data\cob-boundary\Backups\backup_12-26\nac_all.shp,NAME1,-1,-1;TITLE1 TITLE1 true false false 25 Text 0 0 ,First,#,S:\_Maint_Proj\Data\cob-boundary\Backups\backup_12-26\nac_all.shp,TITLE1,-1,-1;PH1 PH1 true false false 25 Text 0 0 ,First,#,S:\_Maint_Proj\Data\cob-boundary\Backups\backup_12-26\nac_all.shp,PH1,-1,-1;PH1A PH1A true false false 25 Text 0 0 ,First,#,S:\_Maint_Proj\Data\cob-boundary\Backups\backup_12-26\nac_all.shp,PH1A,-1,-1;ADD1 ADD1 true false false 75 Text 0 0 ,First,#,S:\_Maint_Proj\Data\cob-boundary\Backups\backup_12-26\nac_all.shp,ADD1,-1,-1;EMAIL1 EMAIL1 true false false 50 Text 0 0 ,First,#,S:\_Maint_Proj\Data\cob-boundary\Backups\backup_12-26\nac_all.shp,EMAIL1,-1,-1;NAME2 NAME2 true false false 25 Text 0 0 ,First,#,S:\_Maint_Proj\Data\cob-boundary\Backups\backup_12-26\nac_all.shp,NAME2,-1,-1;TITLE2 TITLE2 true false false 25 Text 0 0 ,First,#,S:\_Maint_Proj\Data\cob-boundary\Backups\backup_12-26\nac_all.shp,TITLE2,-1,-1;PH2 PH2 true false false 25 Text 0 0 ,First,#,S:\_Maint_Proj\Data\cob-boundary\Backups\backup_12-26\nac_all.shp,PH2,-1,-1;PH2A PH2A true false false 25 Text 0 0 ,First,#,S:\_Maint_Proj\Data\cob-boundary\Backups\backup_12-26\nac_all.shp,PH2A,-1,-1;ADD2 ADD2 true false false 75 Text 0 0 ,First,#,S:\_Maint_Proj\Data\cob-boundary\Backups\backup_12-26\nac_all.shp,ADD2,-1,-1;EMAIL2 EMAIL2 true false false 50 Text 0 0 ,First,#,S:\_Maint_Proj\Data\cob-boundary\Backups\backup_12-26\nac_all.shp,EMAIL2,-1,-1;MTG_DAY MTG_DAY true false false 75 Text 0 0 ,First,#,S:\_Maint_Proj\Data\cob-boundary\Backups\backup_12-26\nac_all.shp,MTG_DAY,-1,-1;MTG_TIME MTG_TIME true false false 50 Text 0 0 ,First,#,S:\_Maint_Proj\Data\cob-boundary\Backups\backup_12-26\nac_all.shp,MTG_TIME,-1,-1;MTG_PLACE MTG_PLACE true false false 75 Text 0 0 ,First,#,S:\_Maint_Proj\Data\cob-boundary\Backups\backup_12-26\nac_all.shp,MTG_PLACE,-1,-1;COMMENTS COMMENTS true false false 50 Text 0 0 ,First,#,S:\_Maint_Proj\Data\cob-boundary\Backups\backup_12-26\nac_all.shp,COMMENTS,-1,-1;UPDATED_ON UPDATED_ON true true false 8 Date 0 0 ,First,#,S:\_Maint_Proj\Data\cob-boundary\Backups\backup_12-26\nac_all.shp,UPDATED_ON,-1,-1;UPDATED_BY UPDATED_BY true false false 10 Text 0 0 ,First,#,S:\_Maint_Proj\Data\cob-boundary\Backups\backup_12-26\nac_all.shp,UPDATED_BY,-1,-1;ACTIVE ACTIVE true false false 10 Text 0 0 ,First,#,S:\_Maint_Proj\Data\cob-boundary\Backups\backup_12-26\nac_all.shp,ACTIVE,-1,-1" # "Database Connections\SDE_Core as SDE_Loader.sde\SDE_Core.SDE_LOADER.history\SDE_Core.SDE_LOADER.nac_hist"</Process><Process ToolSource="C:\Program Files (x86)\ArcGIS\ArcToolbox\Toolboxes\Data Management Tools.tbx\CopyFeatures" Date="20090819" Time="102747">CopyFeatures S:\_Maint_Proj\Data\all_files\final\final_hist_files.mdb\nac "Database Connections\GIS Connection to 1 sdeCOB on COBGISSDE.sde\sdeCOB.GIS.boundary\sdeCOB.GIS.nac" # 0 0 0</Process><Process ToolSource="C:\Program Files\ArcGIS\ArcToolbox\Toolboxes\Data Management Tools.tbx\Merge" Date="20110818" Time="153730">Merge nac;merge_master_neighborhood "K:\common\ruc\STATS\ArcGIS Layers\2011_8_1_NeighborhoodUpdate\merge_Beaverton_master2.shp" "OBJECTID_1 'OBJECTID_1' true true false 9 Long 0 9 ,First,#,nac,OBJECTID_1,-1,-1;AREA_ 'AREA_' true true false 19 Double 0 0 ,First,#,nac,AREA_,-1,-1;PERIMETER 'PERIMETER' true true false 19 Double 0 0 ,First,#,nac,PERIMETER,-1,-1;NAC_ID 'NAC_ID' true true false 19 Double 0 0 ,First,#,nac,NAC_ID,-1,-1;NAME 'NAME' true true false 50 Text 0 0 ,First,#,nac,NAME,-1,-1,merge_master_neighborhood,NAME,-1,-1;NAME1 'NAME1' true true false 25 Text 0 0 ,First,#,nac,NAME1,-1,-1;TITLE1 'TITLE1' true true false 25 Text 0 0 ,First,#,nac,TITLE1,-1,-1;PH1 'PH1' true true false 25 Text 0 0 ,First,#,nac,PH1,-1,-1;ADD1 'ADD1' true true false 75 Text 0 0 ,First,#,nac,ADD1,-1,-1;EMAIL1 'EMAIL1' true true false 50 Text 0 0 ,First,#,nac,EMAIL1,-1,-1;MTG_DAY 'MTG_DAY' true true false 75 Text 0 0 ,First,#,nac,MTG_DAY,-1,-1;MTG_TIME 'MTG_TIME' true true false 50 Text 0 0 ,First,#,nac,MTG_TIME,-1,-1;MTG_PLACE 'MTG_PLACE' true true false 75 Text 0 0 ,First,#,nac,MTG_PLACE,-1,-1;COMMENTS 'COMMENTS' true true false 50 Text 0 0 ,First,#,nac,COMMENTS,-1,-1;UPDATED_ON 'UPDATED_ON' true true false 8 Date 0 0 ,First,#,nac,UPDATED_ON,-1,-1;Shape_Leng 'Shape_Leng' true true false 19 Double 0 0 ,First,#,nac,Shape_Leng,-1,-1;Shape_Area 'Shape_Area' true true false 19 Double 0 0 ,First,#,nac,Shape_Area,-1,-1;OBJECTID 'OBJECTID' true true false 10 Double 0 10 ,First,#,merge_master_neighborhood,OBJECTID,-1,-1;AGENCY 'AGENCY' true true false 9 Text 0 0 ,First,#,merge_master_neighborhood,AGENCY,-1,-1;FPERIMETER 'FPERIMETER' true true false 19 Double 0 0 ,First,#,merge_master_neighborhood,FPERIMETER,-1,-1;FAREA 'FAREA' true true false 19 Double 0 0 ,First,#,merge_master_neighborhood,FAREA,-1,-1"</Process><Process ToolSource="C:\Program Files\ArcGIS\ArcToolbox\Toolboxes\Data Management Tools.tbx\Dissolve" Date="20120828" Time="110633">Dissolve "8_22_2012_UPDATE selection" H:\1_NEIGHBORHOOD_UPDATE\5_8_2012_UPDATE_Dissolve1.shp NAME # MULTI_PART DISSOLVE_LINES</Process><Process ToolSource="C:\Program Files\ArcGIS\ArcToolbox\Toolboxes\Data Management Tools.tbx\Merge" Date="20120828" Time="111006">Merge 5_8_2012_UPDATE_Dissolve1;8_22_2012_UPDATE H:\1_NEIGHBORHOOD_UPDATE\Merged\UPDATE_8_28_2012.shp "NAME 'NAME' true true false 50 Text 0 0 ,First,#,5_8_2012_UPDATE_Dissolve1,NAME,-1,-1,8_22_2012_UPDATE,NAME,-1,-1;OBJECTID 'OBJECTID' true true false 10 Double 0 10 ,First,#,8_22_2012_UPDATE,OBJECTID,-1,-1;AGENCY 'AGENCY' true true false 9 Text 0 0 ,First,#,8_22_2012_UPDATE,AGENCY,-1,-1;FPERIMETER 'FPERIMETER' true true false 19 Double 0 0 ,First,#,8_22_2012_UPDATE,FPERIMETER,-1,-1;FAREA 'FAREA' true true false 19 Double 0 0 ,First,#,8_22_2012_UPDATE,FAREA,-1,-1"</Process><Process ToolSource="C:\Program Files\ArcGIS\ArcToolbox\Toolboxes\Data Management Tools.tbx\Merge" Date="20120828" Time="111509">Merge 'UPDATE_8_28_2012 selection' H:\1_NEIGHBORHOOD_UPDATE\Merged\ForestPark_2.shp "NAME 'NAME' true true false 50 Text 0 0 ,First,#,UPDATE_8_28_2012 selection,NAME,-1,-1;OBJECTID 'OBJECTID' true true false 10 Double 0 10 ,First,#,UPDATE_8_28_2012 selection,OBJECTID,-1,-1;AGENCY 'AGENCY' true true false 9 Text 0 0 ,First,#,UPDATE_8_28_2012 selection,AGENCY,-1,-1;FPERIMETER 'FPERIMETER' true true false 19 Double 0 0 ,First,#,UPDATE_8_28_2012 selection,FPERIMETER,-1,-1;FAREA 'FAREA' true true false 19 Double 0 0 ,First,#,UPDATE_8_28_2012 selection,FAREA,-1,-1"</Process><Process ToolSource="C:\Program Files\ArcGIS\ArcToolbox\Toolboxes\Data Management Tools.tbx\Merge" Date="20120828" Time="112123">Merge ForestPark_2 H:\1_NEIGHBORHOOD_UPDATE\Merged\ForestPark_2_Merge.shp "NAME 'NAME' true true false 50 Text 0 0 ,First,#,ForestPark_2,NAME,-1,-1;OBJECTID 'OBJECTID' true true false 10 Double 0 10 ,First,#,ForestPark_2,OBJECTID,-1,-1;AGENCY 'AGENCY' true true false 9 Text 0 0 ,First,#,ForestPark_2,AGENCY,-1,-1;FPERIMETER 'FPERIMETER' true true false 19 Double 0 0 ,First,#,ForestPark_2,FPERIMETER,-1,-1;FAREA 'FAREA' true true false 19 Double 0 0 ,First,#,ForestPark_2,FAREA,-1,-1"</Process><Process ToolSource="C:\Program Files\ArcGIS\ArcToolbox\Toolboxes\Data Management Tools.tbx\Dissolve" Date="20120828" Time="124219">Dissolve ForestPark_2_Merge H:\1_NEIGHBORHOOD_UPDATE\Merged\disolve_Forestpark.shp # # MULTI_PART DISSOLVE_LINES</Process><Process ToolSource="C:\Program Files\ArcGIS\ArcToolbox\Toolboxes\Data Management Tools.tbx\Merge" Date="20120828" Time="130348">Merge disolve_Forestpark;UPDATE_8_28_2012 H:\1_NEIGHBORHOOD_UPDATE\Merged\disolve_Forestpark_Merge.shp "Id 'Id' true true false 6 Long 0 6 ,First,#,disolve_Forestpark,Id,-1,-1;AGENCY 'AGENCY' true true false 50 Text 0 0 ,First,#,disolve_Forestpark,AGENCY,-1,-1,UPDATE_8_28_2012,AGENCY,-1,-1;NAME 'NAME' true true false 50 Text 0 0 ,First,#,disolve_Forestpark,NAME,-1,-1,UPDATE_8_28_2012,NAME,-1,-1;FPERIMETER 'FPERIMETER' true true false 13 Float 0 0 ,First,#,disolve_Forestpark,FPERIMETER,-1,-1,UPDATE_8_28_2012,FPERIMETER,-1,-1;FAREA 'FAREA' true true false 13 Float 0 0 ,First,#,disolve_Forestpark,FAREA,-1,-1,UPDATE_8_28_2012,FAREA,-1,-1;OBJECTID 'OBJECTID' true true false 10 Double 0 10 ,First,#,UPDATE_8_28_2012,OBJECTID,-1,-1"</Process><Process ToolSource="C:\Program Files\ArcGIS\ArcToolbox\Toolboxes\Data Management Tools.tbx\Dissolve" Date="20120828" Time="132054">Dissolve Brooklyn H:\1_NEIGHBORHOOD_UPDATE\Brooklyn_Dissolve.shp NAME # MULTI_PART DISSOLVE_LINES</Process><Process ToolSource="C:\Program Files\ArcGIS\ArcToolbox\Toolboxes\Data Management Tools.tbx\Merge" Date="20120828" Time="143824">Merge Brooklyn_Dissolve;disolve_Forestpark_Merge H:\1_NEIGHBORHOOD_UPDATE\Neighborhood_8_28_2012.shp "NAME 'NAME' true true false 50 Text 0 0 ,First,#,Brooklyn_Dissolve,NAME,-1,-1,disolve_Forestpark_Merge,NAME,-1,-1;AGENCY 'AGENCY' true true false 50 Text 0 0 ,First,#,Brooklyn_Dissolve,AGENCY,-1,-1,disolve_Forestpark_Merge,AGENCY,-1,-1;OBJECTID 'OBJECTID' true true false 4 Short 0 4 ,First,#,Brooklyn_Dissolve,OBJECTID,-1,-1,disolve_Forestpark_Merge,OBJECTID,-1,-1;FPERIMETER 'FPERIMETER' true true false 9 Long 0 9 ,First,#,Brooklyn_Dissolve,FPERIMETER,-1,-1,disolve_Forestpark_Merge,FPERIMETER,-1,-1;FAREA 'FAREA' true true false 9 Long 0 9 ,First,#,Brooklyn_Dissolve,FAREA,-1,-1,disolve_Forestpark_Merge,FAREA,-1,-1;Id 'Id' true true false 6 Long 0 6 ,First,#,disolve_Forestpark_Merge,Id,-1,-1"</Process><Process ToolSource="C:\Program Files\ArcGIS\ArcToolbox\Toolboxes\Data Management Tools.tbx\Dissolve" Date="20120828" Time="151123">Dissolve "Neighborhood_8_28_2012 selection" H:\1_NEIGHBORHOOD_UPDATE\Arlington_Disso.shp NAME;FULL_NAME # MULTI_PART DISSOLVE_LINES</Process><Process ToolSource="C:\Program Files\ArcGIS\ArcToolbox\Toolboxes\Data Management Tools.tbx\Merge" Date="20120828" Time="151352">Merge Arlington_Disso;Neighborhood_8_28_2012 H:\1_NEIGHBORHOOD_UPDATE\8_28_2012_UPDATE.shp "NAME 'NAME' true true false 50 Text 0 0 ,First,#,Arlington_Disso,NAME,-1,-1,Neighborhood_8_28_2012,NAME,-1,-1;FULL_NAME 'FULL_NAME' true true false 50 Text 0 0 ,First,#,Arlington_Disso,FULL_NAME,-1,-1,Neighborhood_8_28_2012,FULL_NAME,-1,-1;AGENCY 'AGENCY' true true false 50 Text 0 0 ,First,#,Neighborhood_8_28_2012,AGENCY,-1,-1;OBJECTID 'OBJECTID' true true false 4 Short 0 4 ,First,#,Neighborhood_8_28_2012,OBJECTID,-1,-1;FPERIMETER 'FPERIMETER' true true false 9 Long 0 9 ,First,#,Neighborhood_8_28_2012,FPERIMETER,-1,-1;FAREA 'FAREA' true true false 9 Long 0 9 ,First,#,Neighborhood_8_28_2012,FAREA,-1,-1;Id 'Id' true true false 6 Long 0 6 ,First,#,Neighborhood_8_28_2012,Id,-1,-1"</Process><Process ToolSource="C:\Program Files\ArcGIS\ArcToolbox\Toolboxes\Data Management Tools.tbx\Dissolve" Date="20120828" Time="152114">Dissolve "8_28_2012_UPDATE selection" H:\1_NEIGHBORHOOD_UPDATE\SOUWEST_HILLS_Dissolve.shp FID;NAME;FULL_NAME;AGENCY;OBJECTID;FPERIMETER;FAREA;Id # MULTI_PART DISSOLVE_LINES</Process><Process ToolSource="C:\Program Files\ArcGIS\ArcToolbox\Toolboxes\Data Management Tools.tbx\Dissolve" Date="20120828" Time="152529">Dissolve SOUWEST_HILLS_Dissolve H:\1_NEIGHBORHOOD_UPDATE\SOUWEST_HILLS_Dissolve_Disso.shp NAME # MULTI_PART DISSOLVE_LINES</Process><Process ToolSource="C:\Program Files\ArcGIS\ArcToolbox\Toolboxes\Data Management Tools.tbx\Merge" Date="20120828" Time="152806">Merge SOUWEST_HILLS_Dissolve_Disso;Neighborhoods_2012 H:\1_NEIGHBORHOOD_UPDATE\SOUWEST_HILLS_Dissolve_Disso1.shp "NAME 'NAME' true true false 50 Text 0 0 ,First,#,SOUWEST_HILLS_Dissolve_Disso,NAME,-1,-1,Neighborhoods_2012,NAME,-1,-1;FULL_NAME 'FULL_NAME' true true false 50 Text 0 0 ,First,#,Neighborhoods_2012,FULL_NAME,-1,-1;AGENCY 'AGENCY' true true false 50 Text 0 0 ,First,#,Neighborhoods_2012,AGENCY,-1,-1;OBJECTID 'OBJECTID' true true false 4 Short 0 4 ,First,#,Neighborhoods_2012,OBJECTID,-1,-1;FPERIMETER 'FPERIMETER' true true false 9 Long 0 9 ,First,#,Neighborhoods_2012,FPERIMETER,-1,-1;FAREA 'FAREA' true true false 9 Long 0 9 ,First,#,Neighborhoods_2012,FAREA,-1,-1;Id 'Id' true true false 6 Long 0 6 ,First,#,Neighborhoods_2012,Id,-1,-1"</Process><Process ToolSource="C:\Program Files\ArcGIS\ArcToolbox\Toolboxes\Data Management Tools.tbx\JoinField" Date="20120909" Time="114530">JoinField NEW_Neighborhoods FULL_NAME Export_vCAD_FY2012 FID cad_incide;datetime_c;RCVD_TO_DI;ONSC_TO_CL;DISP_TO_ON;DISP_TO_CL;location;cad_precin;agency;grid;neighborho;x;y;district;final_inc_;inc_descri;priority;dispositio;flag_self_ NEW_Neighborhoods</Process><Process ToolSource="c:\program files\arcgis\desktop10.1\ArcToolbox\Toolboxes\Data Management Tools.tbx\Merge" Date="20121220" Time="155812">Merge Police_Neighborhoods;Export_ClarkCountyNbr "K:\Common\RUC\STATS\ArcGIS Layers\2012_12_20_NEIGHBORHOOD_UPDATE\Neighborhoods_Police.shp" "NAME "NAME" true true false 50 Text 0 0 ,First,#,Police_Neighborhoods,NAME,-1,-1,Export_ClarkCountyNbr,NAME,-1,-1;FULL_NAME "FULL_NAME" true true false 50 Text 0 0 ,First,#,Police_Neighborhoods,FULL_NAME,-1,-1,Export_ClarkCountyNbr,FULL_NAME,-1,-1;AGENCY "AGENCY" true true false 50 Text 0 0 ,First,#,Police_Neighborhoods,AGENCY,-1,-1,Export_ClarkCountyNbr,AGENCY,-1,-1;OBJECTID "OBJECTID" true true false 4 Short 0 4 ,First,#,Police_Neighborhoods,OBJECTID,-1,-1,Export_ClarkCountyNbr,OBJECTID,-1,-1;FPERIMETER "FPERIMETER" true true false 9 Long 0 9 ,First,#,Police_Neighborhoods,FPERIMETER,-1,-1;FAREA "FAREA" true true false 9 Long 0 9 ,First,#,Police_Neighborhoods,FAREA,-1,-1;AREA "AREA" true true false 13 Float 0 0 ,First,#,Export_ClarkCountyNbr,AREA,-1,-1;PERIMETER "PERIMETER" true true false 13 Float 0 0 ,First,#,Export_ClarkCountyNbr,PERIMETER,-1,-1"</Process></lineage><itemProps><itemName Sync="TRUE">Neighborhoods_Police</itemName><imsContentType Sync="TRUE">002</imsContentType><itemSize Sync="TRUE">0.000</itemSize><itemLocation><linkage Sync="TRUE">file://\\ptld.police.city\ppbcommon\Common\RUC\STATS\ArcGIS Layers\2012_12_20_NEIGHBORHOOD_UPDATE\Neighborhoods_Police.shp</linkage><protocol Sync="TRUE">Local Area Network</protocol></itemLocation></itemProps><coordRef><type Sync="TRUE">Projected</type><geogcsn Sync="TRUE">GCS_North_American_1983_HARN</geogcsn><csUnits Sync="TRUE">Linear Unit: Foot (0.304800)</csUnits><projcsn Sync="TRUE">NAD_1983_HARN_StatePlane_Oregon_North_FIPS_3601</projcsn><peXml Sync="TRUE">&lt;ProjectedCoordinateSystem xsi:type='typens:ProjectedCoordinateSystem' xmlns:xsi='http://www.w3.org/2001/XMLSchema-instance' xmlns:xs='http://www.w3.org/2001/XMLSchema' xmlns:typens='http://www.esri.com/schemas/ArcGIS/10.1'&gt;&lt;WKT&gt;PROJCS[&amp;quot;NAD_1983_HARN_StatePlane_Oregon_North_FIPS_3601&amp;quot;,GEOGCS[&amp;quot;GCS_North_American_1983_HARN&amp;quot;,DATUM[&amp;quot;D_North_American_1983_HARN&amp;quot;,SPHEROID[&amp;quot;GRS_1980&amp;quot;,6378137.0,298.257222101]],PRIMEM[&amp;quot;Greenwich&amp;quot;,0.0],UNIT[&amp;quot;Degree&amp;quot;,0.0174532925199433]],PROJECTION[&amp;quot;Lambert_Conformal_Conic&amp;quot;],PARAMETER[&amp;quot;False_Easting&amp;quot;,8202099.737532808],PARAMETER[&amp;quot;False_Northing&amp;quot;,0.0],PARAMETER[&amp;quot;Central_Meridian&amp;quot;,-120.5],PARAMETER[&amp;quot;Standard_Parallel_1&amp;quot;,44.33333333333334],PARAMETER[&amp;quot;Standard_Parallel_2&amp;quot;,46.0],PARAMETER[&amp;quot;Latitude_Of_Origin&amp;quot;,43.66666666666666],UNIT[&amp;quot;Foot&amp;quot;,0.3048]]&lt;/WKT&gt;&lt;XOrigin&gt;-111333600&lt;/XOrigin&gt;&lt;YOrigin&gt;-98152500&lt;/YOrigin&gt;&lt;XYScale&gt;37675770.731007516&lt;/XYScale&gt;&lt;ZOrigin&gt;-100000&lt;/ZOrigin&gt;&lt;ZScale&gt;10000&lt;/ZScale&gt;&lt;MOrigin&gt;-100000&lt;/MOrigin&gt;&lt;MScale&gt;10000&lt;/MScale&gt;&lt;XYTolerance&gt;0.0032808398950131233&lt;/XYTolerance&gt;&lt;ZTolerance&gt;0.001&lt;/ZTolerance&gt;&lt;MTolerance&gt;0.001&lt;/MTolerance&gt;&lt;HighPrecision&gt;true&lt;/HighPrecision&gt;&lt;/ProjectedCoordinateSystem&gt;</peXml></coordRef></DataProperties><ArcGISFormat>1.0</ArcGISFormat></Esri><idinfo><native Sync="TRUE">Microsoft Windows XP Version 5.1 (Build 2600) Service Pack 3; ESRI ArcCatalog 9.3.1.4000</native><descript><langdata Sync="TRUE">en</langdata><abstract>City of Portland Police Bureau Neighborhood layer</abstract><purpose>REQUIRED: A summary of the intentions with which the data set was developed.</purpose></descript><citation><citeinfo><origin>REQUIRED: The name of an organization or individual that developed the data set.</origin><pubdate>REQUIRED: The date when the data set is published or otherwise made available for release.</pubdate><title Sync="TRUE">UPDATED_8_28_2012</title><ftname Sync="TRUE">UPDATED_8_28_2012</ftname><geoform Sync="TRUE">vector digital data</geoform><onlink Sync="TRUE"></onlink></citeinfo></citation><timeperd><current>REQUIRED: The basis on which the time period of content information is determined.</current><timeinfo><sngdate><caldate>2012_10_01</caldate></sngdate></timeinfo></timeperd><status><progress>REQUIRED: The state of the data set.</progress><update>REQUIRED: The frequency with which changes and additions are made to the data set after the initial data set is completed.</update></status><spdom><bounding><westbc Sync="TRUE">-122.873029</westbc><eastbc Sync="TRUE">-122.363319</eastbc><northbc Sync="TRUE">45.658263</northbc><southbc Sync="TRUE">45.347323</southbc></bounding><lboundng><leftbc Sync="TRUE">7595335.500000</leftbc><rightbc Sync="TRUE">7723178.000000</rightbc><bottombc Sync="TRUE">621585.662730</bottombc><topbc Sync="TRUE">731644.125000</topbc></lboundng></spdom><keywords><theme><themekt>REQUIRED: Reference to a formally registered thesaurus or a similar authoritative source of theme keywords.</themekt><themekey>REQUIRED: Common-use word or phrase used to describe the subject of the data set.</themekey></theme></keywords><accconst>REQUIRED: Restrictions and legal prerequisites for accessing the data set.</accconst><useconst>REQUIRED: Restrictions and legal prerequisites for using the data set after access is granted.</useconst><natvform Sync="TRUE">Shapefile</natvform><ptcontac><cntinfo><cntpos>Crime Analyst</cntpos><cntvoice>503-823-0295</cntvoice><cntemail>richard.kepler@portlandoregon.gov</cntemail><cntorgp><cntorg>Portland Police Bureau, Strategic Services Division</cntorg><cntper>Richard Kepler</cntper></cntorgp><cntinst>Richard Kepler
City of Portland, Police Bureau
503-823-0295</cntinst></cntinfo></ptcontac></idinfo><dataIdInfo><envirDesc Sync="TRUE">Microsoft Windows XP Version 5.1 (Build 2600) Service Pack 3; Esri ArcGIS 10.1.0.3035</envirDesc><dataLang><languageCode Sync="TRUE" value="en"></languageCode><countryCode value="US" Sync="TRUE"></countryCode></dataLang><idCitation><resTitle Sync="TRUE">Neighborhoods_Police</resTitle><presForm><PresFormCd Sync="TRUE" value="005"></PresFormCd></presForm></idCitation><spatRpType><SpatRepTypCd Sync="TRUE" value="001"></SpatRepTypCd></spatRpType><dataExt><geoEle><GeoBndBox esriExtentType="native"><westBL Sync="TRUE">7595335.5</westBL><eastBL Sync="TRUE">7723178</eastBL><northBL Sync="TRUE">731644.125</northBL><southBL Sync="TRUE">621585.66273</southBL><exTypeCode Sync="TRUE">1</exTypeCode></GeoBndBox></geoEle></dataExt><geoBox esriExtentType="decdegrees"><westBL Sync="TRUE">-122.873029</westBL><eastBL Sync="TRUE">-122.363319</eastBL><northBL Sync="TRUE">45.658263</northBL><southBL Sync="TRUE">45.347323</southBL><exTypeCode Sync="TRUE">1</exTypeCode></geoBox></dataIdInfo><metainfo><langmeta Sync="TRUE">en</langmeta><metstdn Sync="TRUE">FGDC Content Standards for Digital Geospatial Metadata</metstdn><metstdv Sync="TRUE">FGDC-STD-001-1998</metstdv><mettc Sync="TRUE">local time</mettc><metc><cntinfo><cntaddr><addrtype>REQUIRED: The mailing and/or physical address for the organization or individual.</addrtype><city>REQUIRED: The city of the address.</city><state>REQUIRED: The state or province of the address.</state><postal>REQUIRED: The ZIP or other postal code of the address.</postal></cntaddr><cntvoice>503-823-0295</cntvoice><cntperp><cntper>Richard Kepler</cntper><cntorg>Portland Police Bureau</cntorg></cntperp><cntpos>Crime Analyst</cntpos><cntemail>richard.kepler@portlandoregon.gov</cntemail></cntinfo></metc><metd Sync="TRUE">20121001</metd></metainfo><mdLang><languageCode Sync="TRUE" value="en"></languageCode><countryCode value="US" Sync="TRUE"></countryCode></mdLang><mdStanName Sync="TRUE">ISO 19115 Geographic Information - Metadata</mdStanName><mdStanVer Sync="TRUE">DIS_ESRI1.0</mdStanVer><mdChar><CharSetCd Sync="TRUE" value="004"></CharSetCd></mdChar><mdHrLv><ScopeCd Sync="TRUE" value="005"></ScopeCd></mdHrLv><mdHrLvName Sync="TRUE">dataset</mdHrLvName><distinfo><resdesc Sync="TRUE">Downloadable Data</resdesc><stdorder><digform><digtinfo><transize Sync="TRUE">0.599</transize><dssize Sync="TRUE">0.599</dssize></digtinfo></digform></stdorder><distrib><cntinfo><cntperp><cntper>Richard Kepler</cntper><cntorg>Portland Police Bureau</cntorg></cntperp><cntpos>Crime Analyst</cntpos><cntvoice>503-823-0295</cntvoice><cntemail>richard.kepler@portlandoregon.gov</cntemail></cntinfo></distrib></distinfo><distInfo><distributor><distorTran><onLineSrc><orDesc Sync="TRUE">002</orDesc><linkage Sync="TRUE">file://</linkage><protocol Sync="TRUE">Local Area Network</protocol></onLineSrc><transSize Sync="TRUE">0.599</transSize></distorTran><distorFormat><formatName Sync="TRUE">Shapefile</formatName></distorFormat></distributor><distFormat><formatName Sync="TRUE">Shapefile</formatName></distFormat><distTranOps><transSize Sync="TRUE">0.000</transSize></distTranOps></distInfo><spdoinfo><direct Sync="TRUE">Vector</direct><ptvctinf><esriterm Name="Neighborhoods_Police"><efeatyp Sync="TRUE">Simple</efeatyp><efeageom code="4" Sync="TRUE"></efeageom><esritopo Sync="TRUE">FALSE</esritopo><efeacnt Sync="TRUE">0</efeacnt><spindex Sync="TRUE">FALSE</spindex><linrefer Sync="TRUE">FALSE</linrefer></esriterm></ptvctinf></spdoinfo><spref><horizsys><cordsysn><geogcsn Sync="TRUE">GCS_North_American_1983_HARN</geogcsn><projcsn Sync="TRUE">NAD_1983_HARN_StatePlane_Oregon_North_FIPS_3601</projcsn></cordsysn><planar><planci><plance Sync="TRUE">coordinate pair</plance><plandu Sync="TRUE">international feet</plandu><coordrep><absres Sync="TRUE">0.000000</absres><ordres Sync="TRUE">0.000000</ordres></coordrep></planci></planar><geodetic><horizdn Sync="TRUE">D_North_American_1983_HARN</horizdn><ellips Sync="TRUE">Geodetic Reference System 80</ellips><semiaxis Sync="TRUE">6378137.000000</semiaxis><denflat Sync="TRUE">298.257222</denflat></geodetic></horizsys><vertdef><altsys><altenc Sync="TRUE">Explicit elevation coordinate included with horizontal coordinates</altenc><altres Sync="TRUE">1.000000</altres></altsys></vertdef></spref><refSysInfo><RefSystem><refSysID><identCode Sync="TRUE" value="0">NAD_1983_HARN_StatePlane_Oregon_North_FIPS_3601</identCode></refSysID></RefSystem></refSysInfo><spatRepInfo><VectSpatRep><geometObjs Name="Neighborhoods_Police"><geoObjTyp><GeoObjTypCd value="002" Sync="TRUE"></GeoObjTypCd></geoObjTyp><geoObjCnt Sync="TRUE">0</geoObjCnt></geometObjs><topLvl><TopoLevCd value="001" Sync="TRUE"></TopoLevCd></topLvl></VectSpatRep></spatRepInfo><eainfo><detailed Name="Neighborhoods_Police"><enttyp><enttypl Sync="TRUE">Neighborhoods_Police</enttypl><enttypt Sync="TRUE">Feature Class</enttypt><enttypc Sync="TRUE">0</enttypc></enttyp><attr><attrlabl Sync="TRUE">FID</attrlabl><attalias Sync="TRUE">FID</attalias><attrtype Sync="TRUE">OID</attrtype><attwidth Sync="TRUE">4</attwidth><atprecis Sync="TRUE">0</atprecis><attscale Sync="TRUE">0</attscale><attrdef Sync="TRUE">Internal feature number.</attrdef><attrdefs Sync="TRUE">ESRI</attrdefs><attrdomv><udom Sync="TRUE">Sequential unique whole numbers that are automatically generated.</udom></attrdomv></attr><attr><attrlabl Sync="TRUE">SHAPE</attrlabl><attalias Sync="TRUE">Shape</attalias><attrtype Sync="TRUE">Geometry</attrtype><attwidth Sync="TRUE">0</attwidth><atprecis Sync="TRUE">0</atprecis><attscale Sync="TRUE">0</attscale><attrdef Sync="TRUE">Feature geometry.</attrdef><attrdefs Sync="TRUE">ESRI</attrdefs><attrdomv><udom Sync="TRUE">Coordinates defining the features.</udom></attrdomv></attr><attr><attrlabl Sync="TRUE">NAME</attrlabl><attalias Sync="TRUE">NAME</attalias><attrtype Sync="TRUE">String</attrtype><attwidth Sync="TRUE">50</attwidth><atprecis Sync="TRUE">0</atprecis><attscale Sync="TRUE">0</attscale></attr><attr><attrlabl Sync="TRUE">FULL_NAME</attrlabl><attalias Sync="TRUE">FULL_NAME</attalias><attrtype Sync="TRUE">String</attrtype><attwidth Sync="TRUE">50</attwidth><atprecis Sync="TRUE">0</atprecis><attscale Sync="TRUE">0</attscale></attr><attr><attrlabl Sync="TRUE">AGENCY</attrlabl><attalias Sync="TRUE">AGENCY</attalias><attrtype Sync="TRUE">String</attrtype><attwidth Sync="TRUE">50</attwidth><atprecis Sync="TRUE">0</atprecis><attscale Sync="TRUE">0</attscale></attr><attr><attrlabl Sync="TRUE">OBJECTID</attrlabl><attalias Sync="TRUE">OBJECTID</attalias><attrtype Sync="TRUE">SmallInteger</attrtype><attwidth Sync="TRUE">4</attwidth><atprecis Sync="TRUE">4</atprecis><attscale Sync="TRUE">0</attscale></attr><attr><attrlabl Sync="TRUE">FPERIMETER</attrlabl><attalias Sync="TRUE">FPERIMETER</attalias><attrtype Sync="TRUE">Integer</attrtype><attwidth Sync="TRUE">9</attwidth><atprecis Sync="TRUE">9</atprecis><attscale Sync="TRUE">0</attscale></attr><attr><attrlabl Sync="TRUE">FAREA</attrlabl><attalias Sync="TRUE">FAREA</attalias><attrtype Sync="TRUE">Integer</attrtype><attwidth Sync="TRUE">9</attwidth><atprecis Sync="TRUE">9</atprecis><attscale Sync="TRUE">0</attscale></attr><attr><attrlabl Sync="TRUE">AREA</attrlabl><attalias Sync="TRUE">AREA</attalias><attrtype Sync="TRUE">Single</attrtype><attwidth Sync="TRUE">13</attwidth><atprecis Sync="TRUE">0</atprecis><attscale Sync="TRUE">0</attscale></attr><attr><attrlabl Sync="TRUE">PERIMETER</attrlabl><attalias Sync="TRUE">PERIMETER</attalias><attrtype Sync="TRUE">Single</attrtype><attwidth Sync="TRUE">13</attwidth><atprecis Sync="TRUE">0</atprecis><attscale Sync="TRUE">0</attscale></attr></detailed></eainfo><mdDateSt Sync="TRUE">20121220</mdDateSt><dataqual><lineage><procstep><procdesc Sync="TRUE">Dataset copied.</procdesc><srcused Sync="TRUE">Server=COBSDEGIS; Service=5151; Database=SDE_CORE; User=SDE_EDITOR; Version=SDE_EDITOR.GIS_Edits</srcused><procdate Sync="TRUE">20090728</procdate><proctime Sync="TRUE">09274000</proctime></procstep><procstep><procdesc Sync="TRUE">Dataset copied.</procdesc><srcused Sync="TRUE"></srcused><procdate Sync="TRUE">20090804</procdate><proctime Sync="TRUE">13065000</proctime></procstep><procstep><procdesc Sync="TRUE">Dataset copied.</procdesc><srcused Sync="TRUE">Server=COBGISSDE; Service=5151; Database=sdeCOB; User=GISVIEW; Version=sde.DEFAULT</srcused><procdate Sync="TRUE">20110412</procdate><proctime Sync="TRUE">13120000</proctime></procstep><procstep><procdesc Sync="TRUE">Dataset copied.</procdesc><srcused Sync="TRUE">\\COBNAS2\GIS-PROJ$\_GIS\_Working_Files\NAC\edit.gdb</srcused><procdate Sync="TRUE">20110412</procdate><proctime Sync="TRUE">13235100</proctime></procstep><procstep><procdesc Sync="TRUE">Dataset copied.</procdesc><srcused Sync="TRUE"></srcused><procdate Sync="TRUE">20110818</procdate><proctime Sync="TRUE">15520000</proctime></procstep><procstep><procdesc Sync="TRUE">Dataset copied.</procdesc><srcused Sync="TRUE"></srcused><procdate Sync="TRUE">20120206</procdate><proctime Sync="TRUE">14094800</proctime></procstep><procstep><procdesc Sync="TRUE">Dataset copied.</procdesc><srcused Sync="TRUE"></srcused><procdate Sync="TRUE">20120206</procdate><proctime Sync="TRUE">14130800</proctime></procstep><procstep><procdesc Sync="TRUE">Dataset copied.</procdesc><srcused Sync="TRUE"></srcused><procdate Sync="TRUE">20120508</procdate><proctime Sync="TRUE">14100700</proctime></procstep><procstep><procdesc Sync="TRUE">Dataset copied.</procdesc><srcused Sync="TRUE"></srcused><procdate Sync="TRUE">20120828</procdate><proctime Sync="TRUE">13095700</proctime></procstep><procstep><procdesc Sync="TRUE">Dataset copied.</procdesc><srcused Sync="TRUE"></srcused><procdate Sync="TRUE">20120828</procdate><proctime Sync="TRUE">13155600</proctime></procstep><procstep><procdesc Sync="TRUE">Dataset copied.</procdesc><srcused Sync="TRUE"></srcused><procdate Sync="TRUE">20120828</procdate><proctime Sync="TRUE">15424200</proctime></procstep><procstep><procdesc Sync="TRUE">Dataset copied.</procdesc><srcused Sync="TRUE"></srcused><procdate Sync="TRUE">20121001</procdate><proctime Sync="TRUE">13075000</proctime></procstep></lineage></dataqual></metadata>
