<metadata xml:lang="en"><Esri><CreaDate>20130325</CreaDate><CreaTime>07563900</CreaTime><ArcGISFormat>1.0</ArcGISFormat><SyncOnce>FALSE</SyncOnce><DataProperties><lineage><Process ToolSource="C:\Program Files\ArcGIS\Desktop10.0\ArcToolbox\Toolboxes\Data Management Tools.tbx\CalculateField" Date="20110104" Time="095435" Name="" export="">CalculateField policerd_master_jim2 AREA [policerd_master_jim_AREA] VB #</Process><Process ToolSource="C:\Program Files\ArcGIS\Desktop10.0\ArcToolbox\Toolboxes\Data Management Tools.tbx\CalculateField" Date="20110104" Time="095514" Name="" export="">CalculateField policerd_master_jim2 AREA [BEAT] VB #</Process><Process ToolSource="C:\Program Files\ArcGIS\ArcToolbox\Toolboxes\Data Management Tools.tbx\Merge" Date="20110811" Time="135228" Name="" export="">Merge 'WCCCA_policeRDs selection';Police_Grid_pdx "K:\common\ruc\STATS\ArcGIS Layers\GridMaps_2011_8_1_update\WCCCA_forMerge\Export2_WCCCA_grids.shp" "GZONE 'GZONE' true true false 6 Text 0 0 ,First,#,WCCCA_policeRDs selection,GZONE,-1,-1;JURNAME 'JURNAME' true true false 50 Text 0 0 ,First,#,WCCCA_policeRDs selection,JURNAME,-1,-1;DIST_DESC 'DIST_DESC' true true false 30 Text 0 0 ,First,#,WCCCA_policeRDs selection,DIST_DESC,-1,-1;DPCH_GRP 'DPCH_GRP' true true false 10 Text 0 0 ,First,#,WCCCA_policeRDs selection,DPCH_GRP,-1,-1;AREA 'AREA' true true false 50 Text 0 0 ,First,#,WCCCA_policeRDs selection,AREA,-1,-1,Police_Grid_pdx,AREA,-1,-1;PERIMETER 'PERIMETER' true true false 19 Double 11 18 ,First,#,Police_Grid_pdx,PERIMETER,-1,-1;GRID 'GRID' true true false 16 Text 0 0 ,First,#,Police_Grid_pdx,GRID,-1,-1;AGENCY 'AGENCY' true true false 16 Text 0 0 ,First,#,Police_Grid_pdx,AGENCY,-1,-1;DISTRICT 'DISTRICT' true true false 16 Text 0 0 ,First,#,Police_Grid_pdx,DISTRICT,-1,-1;PRECINCT 'PRECINCT' true true false 16 Text 0 0 ,First,#,Police_Grid_pdx,PRECINCT,-1,-1;BOEC_CAD 'BOEC_CAD' true true false 4 Short 0 4 ,First,#,Police_Grid_pdx,BOEC_CAD,-1,-1"</Process><Process ToolSource="C:\Program Files\ArcGIS\ArcToolbox\Toolboxes\Data Management Tools.tbx\Merge" Date="20121114" Time="144950" Name="" export="">Merge Export_Police_Grid_PDX;Export_Canby_PD "K:\Common\RUC\STATS\ArcGIS Layers\GridMap_2012_8_14_UPDATE_Canby\Merge_police.shp" "AREA 'AREA' true true false 50 Text 0 0 ,First,#,Export_Police_Grid_PDX,AREA,-1,-1;PERIMETER 'PERIMETER' true true false 19 Double 11 18 ,First,#,Export_Police_Grid_PDX,PERIMETER,-1,-1;GRID 'GRID' true true false 16 Text 0 0 ,First,#,Export_Police_Grid_PDX,GRID,-1,-1;AGENCY 'AGENCY' true true false 16 Text 0 0 ,First,#,Export_Police_Grid_PDX,AGENCY,-1,-1;DISTRICT 'DISTRICT' true true false 16 Text 0 0 ,First,#,Export_Police_Grid_PDX,DISTRICT,-1,-1,Export_Canby_PD,DISTRICT,-1,-1;PRECINCT 'PRECINCT' true true false 16 Text 0 0 ,First,#,Export_Police_Grid_PDX,PRECINCT,-1,-1;BOEC_CAD 'BOEC_CAD' true true false 4 Short 0 4 ,First,#,Export_Police_Grid_PDX,BOEC_CAD,-1,-1;OBJECTID 'OBJECTID' true true false 9 Long 0 9 ,First,#,Export_Canby_PD,OBJECTID,-1,-1;JURNAME 'JURNAME' true true false 50 Text 0 0 ,First,#,Export_Canby_PD,JURNAME,-1,-1;GZONE 'GZONE' true true false 6 Text 0 0 ,First,#,Export_Canby_PD,GZONE,-1,-1;DAREA 'DAREA' true true false 6 Text 0 0 ,First,#,Export_Canby_PD,DAREA,-1,-1;DIST_DESC 'DIST_DESC' true true false 50 Text 0 0 ,First,#,Export_Canby_PD,DIST_DESC,-1,-1;DISP_GRP 'DISP_GRP' true true false 10 Text 0 0 ,First,#,Export_Canby_PD,DISP_GRP,-1,-1;Shape_Leng 'Shape_Leng' true true false 19 Double 0 0 ,First,#,Export_Canby_PD,Shape_Leng,-1,-1;Shape_Area 'Shape_Area' true true false 19 Double 0 0 ,First,#,Export_Canby_PD,Shape_Area,-1,-1;NBRHOOD 'NBRHOOD' true true false 50 Text 0 0 ,First,#,Export_Canby_PD,NBRHOOD,-1,-1"</Process><Process ToolSource="C:\Program Files\ArcGIS\ArcToolbox\Toolboxes\Data Management Tools.tbx\Merge" Date="20121114" Time="153726" Name="" export="">Merge Merge_police;ClarkCoLawBeat "K:\Common\RUC\STATS\ArcGIS Layers\GridMap_2012_8_14_UPDATE_Canby\Merge2_police.shp" "AREA 'AREA' true true false 50 Text 0 0 ,First,#,Merge_police,AREA,-1,-1,ClarkCoLawBeat,AREA,-1,-1;PERIMETER 'PERIMETER' true true false 19 Double 11 18 ,First,#,Merge_police,PERIMETER,-1,-1,ClarkCoLawBeat,PERIMETER,-1,-1;GRID 'GRID' true true false 16 Text 0 0 ,First,#,Merge_police,GRID,-1,-1;AGENCY 'AGENCY' true true false 16 Text 0 0 ,First,#,Merge_police,AGENCY,-1,-1;DISTRICT 'DISTRICT' true true false 16 Text 0 0 ,First,#,Merge_police,DISTRICT,-1,-1;PRECINCT 'PRECINCT' true true false 16 Text 0 0 ,First,#,Merge_police,PRECINCT,-1,-1,ClarkCoLawBeat,PRECINCT,-1,-1;BOEC_CAD 'BOEC_CAD' true true false 4 Short 0 4 ,First,#,Merge_police,BOEC_CAD,-1,-1;BEATBND_ 'BEATBND_' true true false 11 Double 0 11 ,First,#,ClarkCoLawBeat,BEATBND_,-1,-1;BEATBND_ID 'BEATBND_ID' true true false 11 Double 0 11 ,First,#,ClarkCoLawBeat,BEATBND_ID,-1,-1;PRECINCT_N 'PRECINCT_N' true true false 6 Long 0 6 ,First,#,ClarkCoLawBeat,PRECINCT_N,-1,-1;BEAT 'BEAT' true true false 3 Text 0 0 ,First,#,ClarkCoLawBeat,BEAT,-1,-1"</Process><Process ToolSource="C:\Program Files\ArcGIS\ArcToolbox\Toolboxes\Data Management Tools.tbx\Append" Date="20121129" Time="130605" Name="" export="">Append UNION_CANBY_CLACKAMAS Grid_layer TEST # # Grid_layer</Process><Process ToolSource="c:\program files\arcgis\desktop10.1\ArcToolbox\Toolboxes\Data Management Tools.tbx\Merge" Date="20130325" Time="161035" Name="" export="">Merge 'Export_Police_Grids selection';'BOEC_4_EDIT_to_PPB selection' "K:\Common\RUC\STATS\ArcGIS Layers\1_Police_Districts_3_22_2013\MERGE_BOEC_PPB_GRIDS\MERGE_GRIDs_March_2013.shp" "AREA "AREA" true true false 50 Text 0 0 ,First,#,Export_Police_Grids selection,AREA,-1,-1,BOEC_4_EDIT_to_PPB selection,AREA,-1,-1;PERIMETER "PERIMETER" true true false 19 Double 11 18 ,First,#,Export_Police_Grids selection,PERIMETER,-1,-1,BOEC_4_EDIT_to_PPB selection,PERIMETER,-1,-1;GRID "GRID" true true false 16 Text 0 0 ,First,#,Export_Police_Grids selection,GRID,-1,-1,BOEC_4_EDIT_to_PPB selection,GRID,-1,-1;AGENCY "AGENCY" true true false 16 Text 0 0 ,First,#,Export_Police_Grids selection,AGENCY,-1,-1,BOEC_4_EDIT_to_PPB selection,AGENCY,-1,-1;DISTRICT "DISTRICT" true true false 16 Text 0 0 ,First,#,Export_Police_Grids selection,DISTRICT,-1,-1,BOEC_4_EDIT_to_PPB selection,DISTRICT,-1,-1;PRECINCT "PRECINCT" true true false 16 Text 0 0 ,First,#,Export_Police_Grids selection,PRECINCT,-1,-1,BOEC_4_EDIT_to_PPB selection,PRECINCT,-1,-1;BOEC_CAD "BOEC_CAD" true true false 4 Short 0 4 ,First,#,Export_Police_Grids selection,BOEC_CAD,-1,-1,BOEC_4_EDIT_to_PPB selection,BOEC_CAD,-1,-1"</Process><Process ToolSource="c:\program files\arcgis\desktop10.1\ArcToolbox\Toolboxes\Data Management Tools.tbx\Dissolve" Date="20130326" Time="082202" Name="" export="">Dissolve "MERGE_GRIDs_March_2013 selection" "K:\Common\RUC\STATS\Richard\Police Bureau\District_project_2013\PPB_Districts_2013.shp" DISTRICT # MULTI_PART DISSOLVE_LINES</Process></lineage><itemProps><itemName Sync="TRUE">PPB_Districts_2013</itemName><imsContentType Sync="TRUE">002</imsContentType><itemSize Sync="TRUE">0.000</itemSize><itemLocation><linkage Sync="TRUE">file://\\ptld.police.city\ppbcommon\Common\RUC\STATS\Richard\Police Bureau\District_project_2013\PPB_Districts_2013.shp</linkage><protocol Sync="TRUE">Local Area Network</protocol></itemLocation></itemProps><coordRef><type Sync="TRUE">Projected</type><geogcsn Sync="TRUE">GCS_North_American_1983_HARN</geogcsn><csUnits Sync="TRUE">Linear Unit: Foot (0.304800)</csUnits><projcsn Sync="TRUE">NAD_1983_HARN_StatePlane_Oregon_North_FIPS_3601_Feet_Intl</projcsn><peXml Sync="TRUE">&lt;ProjectedCoordinateSystem xsi:type='typens:ProjectedCoordinateSystem' xmlns:xsi='http://www.w3.org/2001/XMLSchema-instance' xmlns:xs='http://www.w3.org/2001/XMLSchema' xmlns:typens='http://www.esri.com/schemas/ArcGIS/10.1'&gt;&lt;WKT&gt;PROJCS[&amp;quot;NAD_1983_HARN_StatePlane_Oregon_North_FIPS_3601_Feet_Intl&amp;quot;,GEOGCS[&amp;quot;GCS_North_American_1983_HARN&amp;quot;,DATUM[&amp;quot;D_North_American_1983_HARN&amp;quot;,SPHEROID[&amp;quot;GRS_1980&amp;quot;,6378137.0,298.257222101]],PRIMEM[&amp;quot;Greenwich&amp;quot;,0.0],UNIT[&amp;quot;Degree&amp;quot;,0.0174532925199433]],PROJECTION[&amp;quot;Lambert_Conformal_Conic&amp;quot;],PARAMETER[&amp;quot;False_Easting&amp;quot;,8202099.737532808],PARAMETER[&amp;quot;False_Northing&amp;quot;,0.0],PARAMETER[&amp;quot;Central_Meridian&amp;quot;,-120.5],PARAMETER[&amp;quot;Standard_Parallel_1&amp;quot;,44.33333333333334],PARAMETER[&amp;quot;Standard_Parallel_2&amp;quot;,46.0],PARAMETER[&amp;quot;Latitude_Of_Origin&amp;quot;,43.66666666666666],UNIT[&amp;quot;Foot&amp;quot;,0.3048],AUTHORITY[&amp;quot;EPSG&amp;quot;,2913]]&lt;/WKT&gt;&lt;XOrigin&gt;-111333600&lt;/XOrigin&gt;&lt;YOrigin&gt;-98152500&lt;/YOrigin&gt;&lt;XYScale&gt;37675770.731007516&lt;/XYScale&gt;&lt;ZOrigin&gt;-100000&lt;/ZOrigin&gt;&lt;ZScale&gt;10000&lt;/ZScale&gt;&lt;MOrigin&gt;-100000&lt;/MOrigin&gt;&lt;MScale&gt;10000&lt;/MScale&gt;&lt;XYTolerance&gt;0.0032808398950131233&lt;/XYTolerance&gt;&lt;ZTolerance&gt;0.001&lt;/ZTolerance&gt;&lt;MTolerance&gt;0.001&lt;/MTolerance&gt;&lt;HighPrecision&gt;true&lt;/HighPrecision&gt;&lt;WKID&gt;2913&lt;/WKID&gt;&lt;LatestWKID&gt;2913&lt;/LatestWKID&gt;&lt;/ProjectedCoordinateSystem&gt;</peXml></coordRef></DataProperties><SyncDate>20130326</SyncDate><SyncTime>08220100</SyncTime><ModDate>20130326</ModDate><ModTime>9565800</ModTime><scaleRange><minScale>150000000</minScale><maxScale>5000</maxScale></scaleRange><ArcGISProfile>ItemDescription</ArcGISProfile></Esri><idinfo><native Sync="TRUE">Microsoft Windows XP Version 5.1 (Build 2600) Service Pack 3; ESRI ArcCatalog 9.3.1.4000</native><descript><langdata Sync="TRUE">en</langdata><abstract>REQUIRED: A brief narrative summary of the data set.</abstract><purpose>REQUIRED: A summary of the intentions with which the data set was developed.</purpose></descript><citation><citeinfo><origin>REQUIRED: The name of an organization or individual that developed the data set.</origin><pubdate>REQUIRED: The date when the data set is published or otherwise made available for release.</pubdate><title Sync="TRUE">Merge2_police</title><ftname Sync="TRUE">Merge2_police</ftname><geoform Sync="TRUE">vector digital data</geoform><onlink Sync="TRUE"/></citeinfo></citation><timeperd><current>REQUIRED: The basis on which the time period of content information is determined.</current><timeinfo><sngdate><caldate>REQUIRED: The year (and optionally month, or month and day) for which the data set corresponds to the ground.</caldate></sngdate></timeinfo></timeperd><status><progress>REQUIRED: The state of the data set.</progress><update>REQUIRED: The frequency with which changes and additions are made to the data set after the initial data set is completed.</update></status><spdom><bounding><westbc Sync="TRUE">-123.525670</westbc><eastbc Sync="TRUE">-121.646619</eastbc><northbc Sync="TRUE">46.213587</northbc><southbc Sync="TRUE">44.856678</southbc></bounding><lboundng><leftbc Sync="TRUE">7435781.500000</leftbc><rightbc Sync="TRUE">7904955.470126</rightbc><bottombc Sync="TRUE">447864.737255</bottombc><topbc Sync="TRUE">930755.400666</topbc></lboundng></spdom><keywords><theme><themekt>REQUIRED: Reference to a formally registered thesaurus or a similar authoritative source of theme keywords.</themekt><themekey>REQUIRED: Common-use word or phrase used to describe the subject of the data set.</themekey></theme></keywords><accconst>REQUIRED: Restrictions and legal prerequisites for accessing the data set.</accconst><useconst>REQUIRED: Restrictions and legal prerequisites for using the data set after access is granted.</useconst><natvform Sync="TRUE">Shapefile</natvform><ptcontac><cntinfo><cntperp><cntper>Richard Kepler</cntper><cntorg>Portland Police Bureau</cntorg></cntperp><cntpos>Crime Analyst</cntpos><cntvoice>503-823-0295</cntvoice><cntemail>richard.kepler@portlandoregon.gov</cntemail></cntinfo></ptcontac></idinfo><dataIdInfo><envirDesc Sync="TRUE">Microsoft Windows XP Version 5.1 (Build 2600) Service Pack 3; Esri ArcGIS 10.1.0.3035</envirDesc><dataLang><languageCode Sync="TRUE" value="en"/><countryCode value="US" Sync="TRUE"/></dataLang><idCitation><resTitle Sync="TRUE">PPB_Districts_2013</resTitle><presForm><PresFormCd Sync="TRUE" value="005"/></presForm></idCitation><spatRpType><SpatRepTypCd Sync="TRUE" value="001"/></spatRpType><dataExt><geoEle><GeoBndBox esriExtentType="native"><westBL Sync="TRUE">7435781.5</westBL><eastBL Sync="TRUE">7904955.470126</eastBL><northBL Sync="TRUE">930755.400666</northBL><southBL Sync="TRUE">447864.737255</southBL><exTypeCode Sync="TRUE">1</exTypeCode></GeoBndBox></geoEle></dataExt><geoBox esriExtentType="decdegrees"><westBL Sync="TRUE">-123.52567</westBL><eastBL Sync="TRUE">-121.646619</eastBL><northBL Sync="TRUE">46.213587</northBL><southBL Sync="TRUE">44.856678</southBL><exTypeCode Sync="TRUE">1</exTypeCode></geoBox><idCredit>Portland Police Bureau's Strategic Service Division: 503-823-0295</idCredit><idPurp>These Police Districts are current as of 3-22-2013, the date the Grids data was provided by BOEC.</idPurp><idAbs>&lt;DIV STYLE="text-align:Left;"&gt;&lt;DIV&gt;&lt;DIV&gt;&lt;P&gt;&lt;SPAN&gt;Note: This is the Portland Police Bureau's Police District breakdown from the Police Grids. Where a grid had the identification of MULT as the agency but the District or Precinct of Portland Police, that grid is included into this data layer. &lt;/SPAN&gt;&lt;/P&gt;&lt;/DIV&gt;&lt;/DIV&gt;&lt;/DIV&gt;</idAbs><searchKeys><keyword>The use of the Police Districts for any data extraction should be weighed with an understanding that the building blocks (the police grids) for these Districts can change over time with annexations and intergovernmental agreements.</keyword></searchKeys></dataIdInfo><metainfo><langmeta Sync="TRUE">en</langmeta><metstdn Sync="TRUE">FGDC Content Standards for Digital Geospatial Metadata</metstdn><metstdv Sync="TRUE">FGDC-STD-001-1998</metstdv><mettc Sync="TRUE">local time</mettc><metc><cntinfo><cntaddr><addrtype>REQUIRED: The mailing and/or physical address for the organization or individual.</addrtype><city>REQUIRED: The city of the address.</city><state>REQUIRED: The state or province of the address.</state><postal>REQUIRED: The ZIP or other postal code of the address.</postal></cntaddr><cntvoice>503-823-0295</cntvoice><cntperp><cntper>Richard Kepler</cntper><cntorg>Portland Police Bureau</cntorg></cntperp><cntpos>Crime Analyst</cntpos><cntemail>richard.kepler@portlandoregon.gov</cntemail></cntinfo></metc><metd Sync="TRUE">20121116</metd></metainfo><mdLang><languageCode Sync="TRUE" value="en"/><countryCode value="US" Sync="TRUE"/></mdLang><mdStanName Sync="TRUE">ISO 19115 Geographic Information - Metadata</mdStanName><mdStanVer Sync="TRUE">DIS_ESRI1.0</mdStanVer><mdChar><CharSetCd Sync="TRUE" value="004"/></mdChar><mdHrLv><ScopeCd Sync="TRUE" value="005"/></mdHrLv><mdHrLvName Sync="TRUE">dataset</mdHrLvName><distinfo><resdesc Sync="TRUE">Downloadable Data</resdesc><stdorder><digform><digtinfo><transize Sync="TRUE">3.359</transize><dssize Sync="TRUE">3.359</dssize></digtinfo></digform></stdorder></distinfo><distInfo><distributor><distorTran><onLineSrc><orDesc Sync="TRUE">002</orDesc><linkage Sync="TRUE">file://</linkage><protocol Sync="TRUE">Local Area Network</protocol></onLineSrc><transSize Sync="TRUE">3.359</transSize></distorTran><distorFormat><formatName Sync="TRUE">Shapefile</formatName></distorFormat></distributor><distFormat><formatName Sync="TRUE">Shapefile</formatName></distFormat><distTranOps><transSize Sync="TRUE">0.000</transSize></distTranOps></distInfo><spdoinfo><direct Sync="TRUE">Vector</direct><ptvctinf><esriterm Name="PPB_Districts_2013"><efeatyp Sync="TRUE">Simple</efeatyp><efeageom code="4" Sync="TRUE"/><esritopo Sync="TRUE">FALSE</esritopo><efeacnt Sync="TRUE">0</efeacnt><spindex Sync="TRUE">FALSE</spindex><linrefer Sync="TRUE">FALSE</linrefer></esriterm></ptvctinf></spdoinfo><spref><horizsys><cordsysn><geogcsn Sync="TRUE">GCS_North_American_1983_HARN</geogcsn><projcsn Sync="TRUE">NAD_1983_HARN_StatePlane_Oregon_North_FIPS_3601_Feet_Intl</projcsn></cordsysn><planar><planci><plance Sync="TRUE">coordinate pair</plance><plandu Sync="TRUE">international feet</plandu><coordrep><absres Sync="TRUE">0.000000</absres><ordres Sync="TRUE">0.000000</ordres></coordrep></planci></planar><geodetic><horizdn Sync="TRUE">D_North_American_1983_HARN</horizdn><ellips Sync="TRUE">Geodetic Reference System 80</ellips><semiaxis Sync="TRUE">6378137.000000</semiaxis><denflat Sync="TRUE">298.257222</denflat></geodetic></horizsys></spref><refSysInfo><RefSystem><refSysID><identCode Sync="TRUE" value="2913">NAD_1983_HARN_StatePlane_Oregon_North_FIPS_3601_Feet_Intl</identCode><idCodeSpace Sync="TRUE">EPSG</idCodeSpace><idVersion Sync="TRUE">7.9.4</idVersion></refSysID></RefSystem></refSysInfo><spatRepInfo><VectSpatRep><geometObjs Name="PPB_Districts_2013"><geoObjTyp><GeoObjTypCd value="002" Sync="TRUE"/></geoObjTyp><geoObjCnt Sync="TRUE">0</geoObjCnt></geometObjs><topLvl><TopoLevCd value="001" Sync="TRUE"/></topLvl></VectSpatRep></spatRepInfo><eainfo><detailed Name="PPB_Districts_2013"><enttyp><enttypl Sync="TRUE">PPB_Districts_2013</enttypl><enttypt Sync="TRUE">Feature Class</enttypt><enttypc Sync="TRUE">0</enttypc></enttyp><attr><attrlabl Sync="TRUE">FID</attrlabl><attalias Sync="TRUE">FID</attalias><attrtype Sync="TRUE">OID</attrtype><attwidth Sync="TRUE">4</attwidth><atprecis Sync="TRUE">0</atprecis><attscale Sync="TRUE">0</attscale><attrdef Sync="TRUE">Internal feature number.</attrdef><attrdefs Sync="TRUE">ESRI</attrdefs><attrdomv><udom Sync="TRUE">Sequential unique whole numbers that are automatically generated.</udom></attrdomv></attr><attr><attrlabl Sync="TRUE">Shape</attrlabl><attalias Sync="TRUE">Shape</attalias><attrtype Sync="TRUE">Geometry</attrtype><attwidth Sync="TRUE">0</attwidth><atprecis Sync="TRUE">0</atprecis><attscale Sync="TRUE">0</attscale><attrdef Sync="TRUE">Feature geometry.</attrdef><attrdefs Sync="TRUE">ESRI</attrdefs><attrdomv><udom Sync="TRUE">Coordinates defining the features.</udom></attrdomv></attr><attr><attrlabl Sync="TRUE">DISTRICT</attrlabl><attalias Sync="TRUE">DISTRICT</attalias><attrtype Sync="TRUE">String</attrtype><attwidth Sync="TRUE">16</attwidth><atprecis Sync="TRUE">0</atprecis><attscale Sync="TRUE">0</attscale></attr></detailed></eainfo><mdDateSt Sync="TRUE">20130326</mdDateSt><dataqual><lineage><procstep><procdesc Sync="TRUE">Dataset copied.</procdesc><procdate Sync="TRUE">20110815</procdate><proctime Sync="TRUE">13372400</proctime></procstep><procstep><procdesc Sync="TRUE">Dataset copied.</procdesc><srcused Sync="TRUE"/><procdate Sync="TRUE">20111027</procdate><proctime Sync="TRUE">14522000</proctime></procstep><procstep><procdesc Sync="TRUE">Dataset copied.</procdesc><srcused Sync="TRUE"/><procdate Sync="TRUE">20120702</procdate><proctime Sync="TRUE">13554700</proctime></procstep><procstep><procdesc Sync="TRUE">Dataset copied.</procdesc><srcused Sync="TRUE"/><procdate Sync="TRUE">20120705</procdate><proctime Sync="TRUE">11122000</proctime></procstep><procstep><procdesc Sync="TRUE">Dataset copied.</procdesc><srcused Sync="TRUE"/><procdate Sync="TRUE">20121114</procdate><proctime Sync="TRUE">13580600</proctime></procstep><procstep><procdesc Sync="TRUE">Dataset copied.</procdesc><srcused Sync="TRUE"/><procdate Sync="TRUE">20121116</procdate><proctime Sync="TRUE">09475300</proctime></procstep><procstep><procdesc Sync="TRUE">Dataset copied.</procdesc><srcused Sync="TRUE"/><procdate Sync="TRUE">20121129</procdate><proctime Sync="TRUE">12491800</proctime></procstep><procstep><procdesc Sync="TRUE">Dataset copied.</procdesc><srcused Sync="TRUE"/><procdate Sync="TRUE">20121129</procdate><proctime Sync="TRUE">13152600</proctime></procstep></lineage></dataqual></metadata>
